[
{
  "model": "api.user",
  "pk": 1,
  "fields": {
    "password": "pbkdf2_sha256$216000$fR7LzW1qfLbO$KYTomcoy2kAcXYhAjPfh1H4P94wy8YDyYgXwrTIBxRU=",
    "last_login": "2021-08-24T16:33:19.464Z",
    "is_superuser": true,
    "is_staff": true,
    "date_joined": "2021-05-03T19:05:57.274Z",
    "username": "joni",
    "email": "jonrivala@gmail.com",
    "is_active": true,
    "language": "",
    "groups": [
      1
    ],
    "user_permissions": []
  }
},
{
  "model": "api.user",
  "pk": 2,
  "fields": {
    "password": "pbkdf2_sha256$216000$UOs7gmvFmTcz$JsGhas5EhbkD3qvh8lyreKqztMRLmc8IP9DCQYMBWN8=",
    "last_login": "2021-05-03T21:02:55Z",
    "is_superuser": false,
    "is_staff": false,
    "date_joined": "2021-05-03T21:02:42Z",
    "username": "Web User",
    "email": "web_user@ameba.cat",
    "is_active": true,
    "language": "",
    "groups": [
      1
    ],
    "user_permissions": []
  }
},
{
  "model": "api.user",
  "pk": 3,
  "fields": {
    "password": "pbkdf2_sha256$216000$UjRvO59OpNeX$0lC5ClWzY8Q+q95ph0K4fdslyl9Jou4vk57WTis2RwE=",
    "last_login": "2021-05-03T21:03:36Z",
    "is_superuser": false,
    "is_staff": false,
    "date_joined": "2021-05-03T21:03:22Z",
    "username": "Ameba Member",
    "email": "ameba_member@ameba.cat",
    "is_active": true,
    "language": "",
    "groups": [
      2
    ],
    "user_permissions": []
  }
},
{
  "model": "api.user",
  "pk": 4,
  "fields": {
    "password": "pbkdf2_sha256$216000$j6KuTLMeaThD$wcR8A9X9Eh0FE0ezQfqe7ynWM0xP7RVHGUXEAlvgaAg=",
    "last_login": "2021-05-03T21:04:24Z",
    "is_superuser": true,
    "is_staff": true,
    "date_joined": "2021-05-03T21:04:18Z",
    "username": "Hector",
    "email": "hector.pascual.diaz@gmail.com",
    "is_active": true,
    "language": "",
    "groups": [
      4
    ],
    "user_permissions": []
  }
},
{
  "model": "api.user",
  "pk": 5,
  "fields": {
    "password": "pbkdf2_sha256$216000$q3j5gsZcxSQ9$skBtL2MAYaJAX5hgQ959gSp7D7uQVEk0fCM198+Xdqs=",
    "last_login": null,
    "is_superuser": false,
    "is_staff": false,
    "date_joined": "2021-05-09T09:57:42Z",
    "username": "joni",
    "email": "jonrivala2@gmail.com",
    "is_active": true,
    "language": "",
    "groups": [
      1
    ],
    "user_permissions": []
  }
},
{
  "model": "api.manifest",
  "pk": 1,
  "fields": {
    "text": "[OLD] Lorem ipsum dolor sit amet, consectetur adipiscing elit. Vestibulum ornare, ipsum vel facilisis bibendum, felis ex efficitur mi, nec sodales velit nulla nec leo. Suspendisse mollis varius ligula ac venenatis. Fusce et mattis erat. Morbi nec dui massa. Pellentesque turpis augue, molestie ut quam non, euismod pretium purus. Quisque auctor purus quis velit egestas, eget vestibulum lectus pretium. Praesent maximus, ipsum porttitor vestibulum porta, quam leo posuere massa, ut tempus sem dolor venenatis sem. In quam sem, bibendum eget turpis ac, porta porta nunc. Duis commodo efficitur efficitur. Donec tempus enim quis dui cursus, vitae convallis magna bibendum. Mauris faucibus bibendum viverra. Aenean molestie dignissim magna, in aliquet lacus interdum et. Aliquam rhoncus eros at augue laoreet, nec mollis nulla dictum. Donec in ipsum lacus. Phasellus lorem elit, laoreet id mattis in, finibus eu velit. Vestibulum ante ipsum primis in faucibus orci luctus et ultrices posuere cubilia curae;\\r\\n\\r\\nIn eget mi ut lorem placerat blandit. Nullam id ante et augue feugiat laoreet et vitae tortor. Sed orci mi, hendrerit congue nibh ac, rutrum eleifend diam. Cras a porttitor felis. In et nunc maximus, tincidunt quam quis, lacinia sem. Praesent in orci ac nisi efficitur lacinia. Donec commodo neque eget urna.",
    "text_es": "[OLD] Lorem ipsum dolor sit amet, consectetur adipiscing elit. Vestibulum ornare, ipsum vel facilisis bibendum, felis ex efficitur mi, nec sodales velit nulla nec leo. Suspendisse mollis varius ligula ac venenatis. Fusce et mattis erat. Morbi nec dui massa. Pellentesque turpis augue, molestie ut quam non, euismod pretium purus. Quisque auctor purus quis velit egestas, eget vestibulum lectus pretium. Praesent maximus, ipsum porttitor vestibulum porta, quam leo posuere massa, ut tempus sem dolor venenatis sem. In quam sem, bibendum eget turpis ac, porta porta nunc. Duis commodo efficitur efficitur. Donec tempus enim quis dui cursus, vitae convallis magna bibendum. Mauris faucibus bibendum viverra. Aenean molestie dignissim magna, in aliquet lacus interdum et. Aliquam rhoncus eros at augue laoreet, nec mollis nulla dictum. Donec in ipsum lacus. Phasellus lorem elit, laoreet id mattis in, finibus eu velit. Vestibulum ante ipsum primis in faucibus orci luctus et ultrices posuere cubilia curae;\\r\\n\\r\\nIn eget mi ut lorem placerat blandit. Nullam id ante et augue feugiat laoreet et vitae tortor. Sed orci mi, hendrerit congue nibh ac, rutrum eleifend diam. Cras a porttitor felis. In et nunc maximus, tincidunt quam quis, lacinia sem. Praesent in orci ac nisi efficitur lacinia. Donec commodo neque eget urna.",
    "text_ca": null,
    "is_active": false,
    "created": "2021-05-14T11:00:47.159Z",
    "updated": "2021-05-14T11:01:04.829Z"
  }
},
{
  "model": "api.manifest",
  "pk": 2,
  "fields": {
    "text": "Lorem ipsum dolor sit amet, consectetur adipiscing elit. Vestibulum ornare, ipsum vel facilisis bibendum, felis ex efficitur mi, nec sodales velit nulla nec leo. Suspendisse mollis varius ligula ac venenatis. Fusce et mattis erat. Morbi nec dui massa. Pellentesque turpis augue, molestie ut quam non, euismod pretium purus. Quisque auctor purus quis velit egestas, eget vestibulum lectus pretium. Praesent maximus, ipsum porttitor vestibulum porta, quam leo posuere massa, ut tempus sem dolor venenatis sem. In quam sem, bibendum eget turpis ac, porta porta nunc. Duis commodo efficitur efficitur. Donec tempus enim quis dui cursus, vitae convallis magna bibendum. Mauris faucibus bibendum viverra. Aenean molestie dignissim magna, in aliquet lacus interdum et. Aliquam rhoncus eros at augue laoreet, nec mollis nulla dictum. Donec in ipsum lacus. Phasellus lorem elit, laoreet id mattis in, finibus eu velit. Vestibulum ante ipsum primis in faucibus orci luctus et ultrices posuere cubilia curae;\\r\\n\\r\\nIn eget mi ut lorem placerat blandit. Nullam id ante et augue feugiat laoreet et vitae tortor. Sed orci mi, hendrerit congue nibh ac, rutrum eleifend diam. Cras a porttitor felis. In et nunc maximus, tincidunt quam quis, lacinia sem. Praesent in orci ac nisi efficitur lacinia. Donec commodo neque eget urna.",
    "text_es": "Lorem ipsum dolor sit amet, consectetur adipiscing elit. Vestibulum ornare, ipsum vel facilisis bibendum, felis ex efficitur mi, nec sodales velit nulla nec leo. Suspendisse mollis varius ligula ac venenatis. Fusce et mattis erat. Morbi nec dui massa. Pellentesque turpis augue, molestie ut quam non, euismod pretium purus. Quisque auctor purus quis velit egestas, eget vestibulum lectus pretium. Praesent maximus, ipsum porttitor vestibulum porta, quam leo posuere massa, ut tempus sem dolor venenatis sem. In quam sem, bibendum eget turpis ac, porta porta nunc. Duis commodo efficitur efficitur. Donec tempus enim quis dui cursus, vitae convallis magna bibendum. Mauris faucibus bibendum viverra. Aenean molestie dignissim magna, in aliquet lacus interdum et. Aliquam rhoncus eros at augue laoreet, nec mollis nulla dictum. Donec in ipsum lacus. Phasellus lorem elit, laoreet id mattis in, finibus eu velit. Vestibulum ante ipsum primis in faucibus orci luctus et ultrices posuere cubilia curae;\\r\\n\\r\\nIn eget mi ut lorem placerat blandit. Nullam id ante et augue feugiat laoreet et vitae tortor. Sed orci mi, hendrerit congue nibh ac, rutrum eleifend diam. Cras a porttitor felis. In et nunc maximus, tincidunt quam quis, lacinia sem. Praesent in orci ac nisi efficitur lacinia. Donec commodo neque eget urna.",
    "text_ca": null,
    "is_active": true,
    "created": "2021-05-14T11:00:53.214Z",
    "updated": "2021-05-14T11:00:53.214Z"
  }
},
{
  "model": "api.mailinglist",
  "pk": 1,
  "fields": {
    "address": "newsletter@mail-out.ameba.cat",
    "is_test": false
  }
},
{
  "model": "api.cover",
  "pk": 1,
  "fields": {
    "file": "covers/ameba-homerender-1_1.mp4",
    "is_active": true,
    "index": 1,
    "created": "2021-08-24T17:21:57.932Z"
  }
},
{
  "model": "api.image",
  "pk": 1,
  "fields": {
    "image": "images/article-camiseta-ameba-5-anys-469x469.png"
  }
},
{
  "model": "api.image",
  "pk": 2,
  "fields": {
    "image": "images/article-camiseta-ameba-modular-469x469.png"
  }
},
{
  "model": "api.image",
  "pk": 3,
  "fields": {
    "image": "images/article-camiseta-ameba-new-469x469.png"
  }
},
{
  "model": "api.image",
  "pk": 4,
  "fields": {
    "image": "images/article-camiseta-ameba-old-469x469.png"
  }
},
{
  "model": "api.image",
  "pk": 5,
  "fields": {
    "image": "images/article-camiseta-ameba-vinil-469x469.png"
  }
},
{
  "model": "api.image",
  "pk": 6,
  "fields": {
    "image": "images/article-totebag-modular-500x500.jpg"
  }
},
{
  "model": "api.image",
  "pk": 7,
  "fields": {
    "image": "images/article-totebag-vinil-500x500.jpg"
  }
},
{
  "model": "api.image",
  "pk": 8,
  "fields": {
    "image": "images/event-ameba-djs-el-rouge-960x960.png"
  }
},
{
  "model": "api.image",
  "pk": 9,
  "fields": {
    "image": "images/event-ameba-prismatica-960x960.png"
  }
},
{
  "model": "api.image",
  "pk": 10,
  "fields": {
    "image": "images/event-parkfest19-1024x1024.png"
  }
},
{
  "model": "api.image",
  "pk": 12,
  "fields": {
    "image": "images/event-vise-notonearth-lolita-10-08-19.png"
  }
},
{
  "model": "api.image",
  "pk": 13,
  "fields": {
    "image": "images/event-workshop-alicia-carrera-1024x1024.png"
  }
},
{
  "model": "api.image",
  "pk": 14,
  "fields": {
    "image": "images/subscripcion-ameba-profesional-500x500.png"
  }
},
{
  "model": "api.image",
  "pk": 15,
  "fields": {
    "image": "images/subscripcion-ameba-soci-500x500.png"
  }
},
{
  "model": "api.image",
  "pk": 16,
  "fields": {
    "image": "images/artist-dj_bruce_lee-855x855.png"
  }
},
{
  "model": "api.image",
  "pk": 17,
  "fields": {
    "image": "images/artist-harvey_touch-1200x1200.jpg"
  }
},
{
  "model": "api.image",
  "pk": 18,
  "fields": {
    "image": "images/artist-lowprofile-440x440.png"
  }
},
{
  "model": "api.image",
  "pk": 19,
  "fields": {
    "image": "images/artist-lucient-1920x1920.png"
  }
},
{
  "model": "api.image",
  "pk": 20,
  "fields": {
    "image": "images/artist-omega_3-800x800.png"
  }
},
{
  "model": "api.image",
  "pk": 21,
  "fields": {
    "image": "images/artist-phran-1707x1707.png"
  }
},
{
  "model": "api.image",
  "pk": 22,
  "fields": {
    "image": "images/artist-telexketch-1260.png"
  }
},
{
  "model": "api.image",
  "pk": 23,
  "fields": {
    "image": "images/artist-virginie-1366x1366.png"
  }
},
{
  "model": "api.item",
  "pk": 1,
  "fields": {
    "name": "Camiseta AMEBA 5 años",
    "name_es": "Camiseta AMEBA 5 años",
    "name_ca": null,
    
    "description": "Lorem ipsum dolor sit amet, consectetur adipiscing elit. Suspendisse vehicula venenatis tincidunt. Duis euismod posuere ullamcorper. Duis eget arcu vel metus vestibulum fermentum at a justo. Etiam dignissim tortor quis quam ullamcorper, nec cursus arcu ullamcorper. Integer vulputate cursus risus, a scelerisque magna imperdiet a. Vestibulum ullamcorper risus sit amet commodo tincidunt. Donec pellentesque varius pretium. Integer viverra interdum sapien ac condimentum. Vivamus nec metus non diam fermentum faucibus.",
    "description_es": "Lorem ipsum dolor sit amet, consectetur adipiscing elit. Suspendisse vehicula venenatis tincidunt. Duis euismod posuere ullamcorper. Duis eget arcu vel metus vestibulum fermentum at a justo. Etiam dignissim tortor quis quam ullamcorper, nec cursus arcu ullamcorper. Integer vulputate cursus risus, a scelerisque magna imperdiet a. Vestibulum ullamcorper risus sit amet commodo tincidunt. Donec pellentesque varius pretium. Integer viverra interdum sapien ac condimentum. Vivamus nec metus non diam fermentum faucibus.",
    "description_ca": null,
    
    "is_active": true,
    "created": "2021-05-03T19:11:15.783Z",
    "updated": "2021-05-03T19:21:18.517Z",
    "images": [
      1
    ],
    "saved_by": []
  }
},
{
  "model": "api.item",
  "pk": 2,
  "fields": {
    "name": "Camiseta AMEBA modular",
    "name_es": "Camiseta AMEBA modular",
    "name_ca": null,
    "description": "Lorem ipsum dolor sit amet, consectetur adipiscing elit. Suspendisse vehicula venenatis tincidunt. Duis euismod posuere ullamcorper. Duis eget arcu vel metus vestibulum fermentum at a justo. Etiam dignissim tortor quis quam ullamcorper, nec cursus arcu ullamcorper. Integer vulputate cursus risus, a scelerisque magna imperdiet a. Vestibulum ullamcorper risus sit amet commodo tincidunt. Donec pellentesque varius pretium. Integer viverra interdum sapien ac condimentum. Vivamus nec metus non diam fermentum faucibus. Phasellus imperdiet purus eget augue lacinia tempor. Nulla at tellus ac ligula blandit maximus. Duis iaculis id velit in auctor. Sed vulputate feugiat justo vitae sollicitudin. Ut faucibus, libero in pretium porttitor, tortor nulla venenatis est, fringilla dictum lorem lectus at erat. Interdum et malesuada fames ac ante ipsum primis in.",
    "description_es": "Lorem ipsum dolor sit amet, consectetur adipiscing elit. Suspendisse vehicula venenatis tincidunt. Duis euismod posuere ullamcorper. Duis eget arcu vel metus vestibulum fermentum at a justo. Etiam dignissim tortor quis quam ullamcorper, nec cursus arcu ullamcorper. Integer vulputate cursus risus, a scelerisque magna imperdiet a. Vestibulum ullamcorper risus sit amet commodo tincidunt. Donec pellentesque varius pretium. Integer viverra interdum sapien ac condimentum. Vivamus nec metus non diam fermentum faucibus. Phasellus imperdiet purus eget augue lacinia tempor. Nulla at tellus ac ligula blandit maximus. Duis iaculis id velit in auctor. Sed vulputate feugiat justo vitae sollicitudin. Ut faucibus, libero in pretium porttitor, tortor nulla venenatis est, fringilla dictum lorem lectus at erat. Interdum et malesuada fames ac ante ipsum primis in.",
    "description_ca": null,
    
    "is_active": true,
    "created": "2021-05-03T19:21:05.648Z",
    "updated": "2021-05-03T19:21:05.648Z",
    "images": [
      2
    ],
    "saved_by": []
  }
},
{
  "model": "api.item",
  "pk": 3,
  "fields": {
    "name": "Camiseta AMEBA 2019",
    "name_es": "Camiseta AMEBA 2019",
    "name_ca": null,
    
    "description": "Lorem ipsum dolor sit amet, consectetur adipiscing elit. Suspendisse vehicula venenatis tincidunt. Duis euismod posuere ullamcorper. Duis eget arcu vel metus vestibulum fermentum at a justo. Etiam dignissim tortor quis quam ullamcorper, nec cursus arcu ullamcorper. Integer vulputate cursus risus, a scelerisque magna imperdiet a. Vestibulum ullamcorper risus sit amet commodo tincidunt. Donec pellentesque varius pretium. Integer viverra interdum sapien ac condimentum. Vivamus nec metus non diam fermentum faucibus. Phasellus imperdiet purus eget augue lacinia tempor. Nulla at tellus ac ligula blandit maximus. Duis iaculis id velit in auctor. Sed vulputate feugiat justo vitae sollicitudin. Ut faucibus, libero in pretium porttitor, tortor nulla venenatis est, fringilla dictum lorem lectus at erat. Interdum et malesuada fames ac ante ipsum primis in.",
    "description_es": "Lorem ipsum dolor sit amet, consectetur adipiscing elit. Suspendisse vehicula venenatis tincidunt. Duis euismod posuere ullamcorper. Duis eget arcu vel metus vestibulum fermentum at a justo. Etiam dignissim tortor quis quam ullamcorper, nec cursus arcu ullamcorper. Integer vulputate cursus risus, a scelerisque magna imperdiet a. Vestibulum ullamcorper risus sit amet commodo tincidunt. Donec pellentesque varius pretium. Integer viverra interdum sapien ac condimentum. Vivamus nec metus non diam fermentum faucibus. Phasellus imperdiet purus eget augue lacinia tempor. Nulla at tellus ac ligula blandit maximus. Duis iaculis id velit in auctor. Sed vulputate feugiat justo vitae sollicitudin. Ut faucibus, libero in pretium porttitor, tortor nulla venenatis est, fringilla dictum lorem lectus at erat. Interdum et malesuada fames ac ante ipsum primis in.",
    "description_ca": null,
    
    "is_active": true,
    "created": "2021-05-03T19:22:01.282Z",
    "updated": "2021-05-03T19:22:01.282Z",
    "images": [
      3
    ],
    "saved_by": []
  }
},
{
  "model": "api.item",
  "pk": 4,
  "fields": {
    "name": "Camiseta AMEBA 2017",
    "name_es": "Camiseta AMEBA 2017",
    "name_ca": null,
    
    "description": "Lorem ipsum dolor sit amet, consectetur adipiscing elit. Suspendisse vehicula venenatis tincidunt. Duis euismod posuere ullamcorper. Duis eget arcu vel metus vestibulum fermentum at a justo. Etiam dignissim tortor quis quam ullamcorper, nec cursus arcu ullamcorper. Integer vulputate cursus risus, a scelerisque magna imperdiet a. Vestibulum ullamcorper risus sit amet commodo tincidunt. Donec pellentesque varius pretium. Integer viverra interdum sapien ac condimentum. Vivamus nec metus non diam fermentum faucibus. Phasellus imperdiet purus eget augue lacinia tempor. Nulla at tellus ac ligula blandit maximus. Duis iaculis id velit in auctor. Sed vulputate feugiat justo vitae sollicitudin. Ut faucibus, libero in pretium porttitor, tortor nulla venenatis est, fringilla dictum lorem lectus at erat. Interdum et malesuada fames ac ante ipsum primis in.",
    "description_es": "Lorem ipsum dolor sit amet, consectetur adipiscing elit. Suspendisse vehicula venenatis tincidunt. Duis euismod posuere ullamcorper. Duis eget arcu vel metus vestibulum fermentum at a justo. Etiam dignissim tortor quis quam ullamcorper, nec cursus arcu ullamcorper. Integer vulputate cursus risus, a scelerisque magna imperdiet a. Vestibulum ullamcorper risus sit amet commodo tincidunt. Donec pellentesque varius pretium. Integer viverra interdum sapien ac condimentum. Vivamus nec metus non diam fermentum faucibus. Phasellus imperdiet purus eget augue lacinia tempor. Nulla at tellus ac ligula blandit maximus. Duis iaculis id velit in auctor. Sed vulputate feugiat justo vitae sollicitudin. Ut faucibus, libero in pretium porttitor, tortor nulla venenatis est, fringilla dictum lorem lectus at erat. Interdum et malesuada fames ac ante ipsum primis in.",
    "description_ca": null,
    
    "is_active": true,
    "created": "2021-05-03T19:23:23.819Z",
    "updated": "2021-05-03T19:23:23.819Z",
    "images": [
      4
    ],
    "saved_by": []
  }
},
{
  "model": "api.item",
  "pk": 5,
  "fields": {
    "name": "Camiseta AMEBA Vinyl",
    "name_es": "Camiseta AMEBA Vinyl",
    "name_ca": null,
    
    "description": "Lorem ipsum dolor sit amet, consectetur adipiscing elit. Suspendisse vehicula venenatis tincidunt. Duis euismod posuere ullamcorper. Duis eget arcu vel metus vestibulum fermentum at a justo. Etiam dignissim tortor quis quam ullamcorper, nec cursus arcu ullamcorper. Integer vulputate cursus risus, a scelerisque magna imperdiet a. Vestibulum ullamcorper risus sit amet commodo tincidunt. Donec pellentesque varius pretium. Integer viverra interdum sapien ac condimentum. Vivamus nec metus non diam fermentum faucibus. Phasellus imperdiet purus eget augue lacinia tempor. Nulla at tellus ac ligula blandit maximus. Duis iaculis id velit in auctor. Sed vulputate feugiat justo vitae sollicitudin. Ut faucibus, libero in pretium porttitor, tortor nulla venenatis est, fringilla dictum lorem lectus at erat. Interdum et malesuada fames ac ante ipsum primis in.",
    "description_es": "Lorem ipsum dolor sit amet, consectetur adipiscing elit. Suspendisse vehicula venenatis tincidunt. Duis euismod posuere ullamcorper. Duis eget arcu vel metus vestibulum fermentum at a justo. Etiam dignissim tortor quis quam ullamcorper, nec cursus arcu ullamcorper. Integer vulputate cursus risus, a scelerisque magna imperdiet a. Vestibulum ullamcorper risus sit amet commodo tincidunt. Donec pellentesque varius pretium. Integer viverra interdum sapien ac condimentum. Vivamus nec metus non diam fermentum faucibus. Phasellus imperdiet purus eget augue lacinia tempor. Nulla at tellus ac ligula blandit maximus. Duis iaculis id velit in auctor. Sed vulputate feugiat justo vitae sollicitudin. Ut faucibus, libero in pretium porttitor, tortor nulla venenatis est, fringilla dictum lorem lectus at erat. Interdum et malesuada fames ac ante ipsum primis in.",
    "description_ca": null,
    
    "is_active": true,
    "created": "2021-05-03T19:24:10.410Z",
    "updated": "2021-05-03T19:24:10.410Z",
    "images": [
      5
    ],
    "saved_by": []
  }
},
{
  "model": "api.item",
  "pk": 7,
  "fields": {
    "name": "Tote Vinyl",
    "name_es": "Tote Vinyl",
    "name_ca": null,
    
    "description": "Lorem ipsum dolor sit amet, consectetur adipiscing elit. Suspendisse vehicula venenatis tincidunt. Duis euismod posuere ullamcorper. Duis eget arcu vel metus vestibulum fermentum at a justo. Etiam dignissim tortor quis quam ullamcorper, nec cursus arcu ullamcorper. Integer vulputate cursus risus, a scelerisque magna imperdiet a. Vestibulum ullamcorper risus sit amet commodo tincidunt. Donec pellentesque varius pretium. Integer viverra interdum sapien ac condimentum. Vivamus nec metus non diam fermentum faucibus. Phasellus imperdiet purus eget augue lacinia tempor. Nulla at tellus ac ligula blandit maximus. Duis iaculis id velit in auctor. Sed vulputate feugiat justo vitae sollicitudin. Ut faucibus, libero in pretium porttitor, tortor nulla venenatis est, fringilla dictum lorem lectus at erat. Interdum et malesuada fames ac ante ipsum primis in.",
    "description_es": "Lorem ipsum dolor sit amet, consectetur adipiscing elit. Suspendisse vehicula venenatis tincidunt. Duis euismod posuere ullamcorper. Duis eget arcu vel metus vestibulum fermentum at a justo. Etiam dignissim tortor quis quam ullamcorper, nec cursus arcu ullamcorper. Integer vulputate cursus risus, a scelerisque magna imperdiet a. Vestibulum ullamcorper risus sit amet commodo tincidunt. Donec pellentesque varius pretium. Integer viverra interdum sapien ac condimentum. Vivamus nec metus non diam fermentum faucibus. Phasellus imperdiet purus eget augue lacinia tempor. Nulla at tellus ac ligula blandit maximus. Duis iaculis id velit in auctor. Sed vulputate feugiat justo vitae sollicitudin. Ut faucibus, libero in pretium porttitor, tortor nulla venenatis est, fringilla dictum lorem lectus at erat. Interdum et malesuada fames ac ante ipsum primis in.",
    "description_ca": null,
    
    "is_active": true,
    "created": "2021-05-03T19:26:01.536Z",
    "updated": "2021-05-03T19:26:01.536Z",
    "images": [
      7
    ],
    "saved_by": []
  }
},
{
  "model": "api.item",
  "pk": 8,
  "fields": {
    "name": "Tote modular",
    "name_es": "Tote modular",
    "name_ca": null,
    
    "description": "Lorem ipsum dolor sit amet, consectetur adipiscing elit. Suspendisse vehicula venenatis tincidunt. Duis euismod posuere ullamcorper. Duis eget arcu vel metus vestibulum fermentum at a justo. Etiam dignissim tortor quis quam ullamcorper, nec cursus arcu ullamcorper. Integer vulputate cursus risus, a scelerisque magna imperdiet a. Vestibulum ullamcorper risus sit amet commodo tincidunt. Donec pellentesque varius pretium. Integer viverra interdum sapien ac condimentum. Vivamus nec metus non diam fermentum faucibus. Phasellus imperdiet purus eget augue lacinia tempor. Nulla at tellus ac ligula blandit maximus. Duis iaculis id velit in auctor. Sed vulputate feugiat justo vitae sollicitudin. Ut faucibus, libero in pretium porttitor, tortor nulla venenatis est, fringilla dictum lorem lectus at erat. Interdum et malesuada fames ac ante ipsum primis in.",
    "description_es": "Lorem ipsum dolor sit amet, consectetur adipiscing elit. Suspendisse vehicula venenatis tincidunt. Duis euismod posuere ullamcorper. Duis eget arcu vel metus vestibulum fermentum at a justo. Etiam dignissim tortor quis quam ullamcorper, nec cursus arcu ullamcorper. Integer vulputate cursus risus, a scelerisque magna imperdiet a. Vestibulum ullamcorper risus sit amet commodo tincidunt. Donec pellentesque varius pretium. Integer viverra interdum sapien ac condimentum. Vivamus nec metus non diam fermentum faucibus. Phasellus imperdiet purus eget augue lacinia tempor. Nulla at tellus ac ligula blandit maximus. Duis iaculis id velit in auctor. Sed vulputate feugiat justo vitae sollicitudin. Ut faucibus, libero in pretium porttitor, tortor nulla venenatis est, fringilla dictum lorem lectus at erat. Interdum et malesuada fames ac ante ipsum primis in.",
    "description_ca": null,
    
    "is_active": true,
    "created": "2021-05-03T19:29:02.880Z",
    "updated": "2021-05-03T19:29:02.880Z",
    "images": [
      6
    ],
    "saved_by": []
  }
},
{
  "model": "api.item",
  "pk": 9,
  "fields": {
    "name": "AMEBA DJ's (El Rouge)",
    "name_es": "AMEBA DJ's (El Rouge)",
    "name_ca": null,
    
    "description": "Lorem ipsum dolor sit amet, consectetur adipiscing elit. Suspendisse vehicula venenatis tincidunt. Duis euismod posuere ullamcorper. Duis eget arcu vel metus vestibulum fermentum at a justo. Etiam dignissim tortor quis quam ullamcorper, nec cursus arcu ullamcorper. Integer vulputate cursus risus, a scelerisque magna imperdiet a. Vestibulum ullamcorper risus sit amet commodo tincidunt. Donec pellentesque varius pretium. Integer viverra interdum sapien ac condimentum. Vivamus nec metus non diam fermentum faucibus. Phasellus imperdiet purus eget augue lacinia tempor. Nulla at tellus ac ligula blandit maximus. Duis iaculis id velit in auctor. Sed vulputate feugiat justo vitae sollicitudin. Ut faucibus, libero in pretium porttitor, tortor nulla venenatis est, fringilla dictum lorem lectus at erat. Interdum et malesuada fames ac ante ipsum primis in.",
    "description_es": "Lorem ipsum dolor sit amet, consectetur adipiscing elit. Suspendisse vehicula venenatis tincidunt. Duis euismod posuere ullamcorper. Duis eget arcu vel metus vestibulum fermentum at a justo. Etiam dignissim tortor quis quam ullamcorper, nec cursus arcu ullamcorper. Integer vulputate cursus risus, a scelerisque magna imperdiet a. Vestibulum ullamcorper risus sit amet commodo tincidunt. Donec pellentesque varius pretium. Integer viverra interdum sapien ac condimentum. Vivamus nec metus non diam fermentum faucibus. Phasellus imperdiet purus eget augue lacinia tempor. Nulla at tellus ac ligula blandit maximus. Duis iaculis id velit in auctor. Sed vulputate feugiat justo vitae sollicitudin. Ut faucibus, libero in pretium porttitor, tortor nulla venenatis est, fringilla dictum lorem lectus at erat. Interdum et malesuada fames ac ante ipsum primis in.",
    "description_ca": "",
    
    "is_active": true,
    "created": "2021-05-03T20:30:14.965Z",
    "updated": "2021-08-24T18:08:17.160Z",
    "images": [
      8
    ],
    "saved_by": []
  }
},
{
  "model": "api.item",
  "pk": 10,
  "fields": {
    "name": "ameba prismática",
    "name_es": "ameba prismática",
    "name_ca": null,
    
    "description": "Lorem ipsum dolor sit amet, consectetur adipiscing elit. Suspendisse vehicula venenatis tincidunt. Duis euismod posuere ullamcorper. Duis eget arcu vel metus vestibulum fermentum at a justo. Etiam dignissim tortor quis quam ullamcorper, nec cursus arcu ullamcorper. Integer vulputate cursus risus, a scelerisque magna imperdiet a. Vestibulum ullamcorper risus sit amet commodo tincidunt. Donec pellentesque varius pretium. Integer viverra interdum sapien ac condimentum. Vivamus nec metus non diam fermentum faucibus. Phasellus imperdiet purus eget augue lacinia tempor. Nulla at tellus ac ligula blandit maximus. Duis iaculis id velit in auctor. Sed vulputate feugiat justo vitae sollicitudin. Ut faucibus, libero in pretium porttitor, tortor nulla venenatis est, fringilla dictum lorem lectus at erat. Interdum et malesuada fames ac ante ipsum primis in.",
    "description_es": "Lorem ipsum dolor sit amet, consectetur adipiscing elit. Suspendisse vehicula venenatis tincidunt. Duis euismod posuere ullamcorper. Duis eget arcu vel metus vestibulum fermentum at a justo. Etiam dignissim tortor quis quam ullamcorper, nec cursus arcu ullamcorper. Integer vulputate cursus risus, a scelerisque magna imperdiet a. Vestibulum ullamcorper risus sit amet commodo tincidunt. Donec pellentesque varius pretium. Integer viverra interdum sapien ac condimentum. Vivamus nec metus non diam fermentum faucibus. Phasellus imperdiet purus eget augue lacinia tempor. Nulla at tellus ac ligula blandit maximus. Duis iaculis id velit in auctor. Sed vulputate feugiat justo vitae sollicitudin. Ut faucibus, libero in pretium porttitor, tortor nulla venenatis est, fringilla dictum lorem lectus at erat. Interdum et malesuada fames ac ante ipsum primis in.",
    "description_ca": "",
    
    "is_active": true,
    "created": "2021-05-03T20:32:31.129Z",
    "updated": "2021-08-24T18:08:02.715Z",
    "images": [
      9
    ],
    "saved_by": []
  }
},
{
  "model": "api.item",
  "pk": 11,
  "fields": {
    "name": "Parkfest 19",
    "name_es": "Parkfest 19",
    "name_ca": null,
    
    "description": "Lorem ipsum dolor sit amet, consectetur adipiscing elit. Suspendisse vehicula venenatis tincidunt. Duis euismod posuere ullamcorper. Duis eget arcu vel metus vestibulum fermentum at a justo. Etiam dignissim tortor quis quam ullamcorper, nec cursus arcu ullamcorper. Integer vulputate cursus risus, a scelerisque magna imperdiet a. Vestibulum ullamcorper risus sit amet commodo tincidunt. Donec pellentesque varius pretium. Integer viverra interdum sapien ac condimentum. Vivamus nec metus non diam fermentum faucibus. Phasellus imperdiet purus eget augue lacinia tempor. Nulla at tellus ac ligula blandit maximus. Duis iaculis id velit in auctor. Sed vulputate feugiat justo vitae sollicitudin. Ut faucibus, libero in pretium porttitor, tortor nulla venenatis est, fringilla dictum lorem lectus at erat. Interdum et malesuada fames ac ante ipsum primis in.",
    "description_es": "Lorem ipsum dolor sit amet, consectetur adipiscing elit. Suspendisse vehicula venenatis tincidunt. Duis euismod posuere ullamcorper. Duis eget arcu vel metus vestibulum fermentum at a justo. Etiam dignissim tortor quis quam ullamcorper, nec cursus arcu ullamcorper. Integer vulputate cursus risus, a scelerisque magna imperdiet a. Vestibulum ullamcorper risus sit amet commodo tincidunt. Donec pellentesque varius pretium. Integer viverra interdum sapien ac condimentum. Vivamus nec metus non diam fermentum faucibus. Phasellus imperdiet purus eget augue lacinia tempor. Nulla at tellus ac ligula blandit maximus. Duis iaculis id velit in auctor. Sed vulputate feugiat justo vitae sollicitudin. Ut faucibus, libero in pretium porttitor, tortor nulla venenatis est, fringilla dictum lorem lectus at erat. Interdum et malesuada fames ac ante ipsum primis in.",
    "description_ca": "",
    
    "is_active": true,
    "created": "2021-05-03T20:35:41.611Z",
    "updated": "2021-08-24T18:06:11.273Z",
    "images": [
      10
    ],
    "saved_by": []
  }
},
{
  "model": "api.item",
  "pk": 12,
  "fields": {
    "name": "Ameba als clubs: Vise – Not on Earth – Ameba DJS",
    "name_es": "Ameba als clubs: Vise – Not on Earth – Ameba DJS",
    "name_ca": null,
    
    "description": "Lorem ipsum dolor sit amet, consectetur adipiscing elit. Suspendisse vehicula venenatis tincidunt. Duis euismod posuere ullamcorper. Duis eget arcu vel metus vestibulum fermentum at a justo. Etiam dignissim tortor quis quam ullamcorper, nec cursus arcu ullamcorper. Integer vulputate cursus risus, a scelerisque magna imperdiet a. Vestibulum ullamcorper risus sit amet commodo tincidunt. Donec pellentesque varius pretium. Integer viverra interdum sapien ac condimentum. Vivamus nec metus non diam fermentum faucibus. Phasellus imperdiet purus eget augue lacinia tempor. Nulla at tellus ac ligula blandit maximus. Duis iaculis id velit in auctor. Sed vulputate feugiat justo vitae sollicitudin. Ut faucibus, libero in pretium porttitor, tortor nulla venenatis est, fringilla dictum lorem lectus at erat. Interdum et malesuada fames ac ante ipsum primis in.",
    "description_es": "Lorem ipsum dolor sit amet, consectetur adipiscing elit. Suspendisse vehicula venenatis tincidunt. Duis euismod posuere ullamcorper. Duis eget arcu vel metus vestibulum fermentum at a justo. Etiam dignissim tortor quis quam ullamcorper, nec cursus arcu ullamcorper. Integer vulputate cursus risus, a scelerisque magna imperdiet a. Vestibulum ullamcorper risus sit amet commodo tincidunt. Donec pellentesque varius pretium. Integer viverra interdum sapien ac condimentum. Vivamus nec metus non diam fermentum faucibus. Phasellus imperdiet purus eget augue lacinia tempor. Nulla at tellus ac ligula blandit maximus. Duis iaculis id velit in auctor. Sed vulputate feugiat justo vitae sollicitudin. Ut faucibus, libero in pretium porttitor, tortor nulla venenatis est, fringilla dictum lorem lectus at erat. Interdum et malesuada fames ac ante ipsum primis in.",
    "description_ca": "",
    
    "is_active": true,
    "created": "2021-05-03T20:38:36.585Z",
    "updated": "2021-08-24T18:04:57.803Z",
    "images": [
      12
    ],
    "saved_by": []
  }
},
{
  "model": "api.item",
  "pk": 13,
  "fields": {
    "name": "Autoedició i distribució musical by Alicia Carrera",
    "name_es": "Autoedició i distribució musical by Alicia Carrera",
    "name_ca": null,
    
    "description": "Lorem ipsum dolor sit amet, consectetur adipiscing elit. Suspendisse vehicula venenatis tincidunt. Duis euismod posuere ullamcorper. Duis eget arcu vel metus vestibulum fermentum at a justo. Etiam dignissim tortor quis quam ullamcorper, nec cursus arcu ullamcorper. Integer vulputate cursus risus, a scelerisque magna imperdiet a. Vestibulum ullamcorper risus sit amet commodo tincidunt. Donec pellentesque varius pretium. Integer viverra interdum sapien ac condimentum. Vivamus nec metus non diam fermentum faucibus. Phasellus imperdiet purus eget augue lacinia tempor. Nulla at tellus ac ligula blandit maximus. Duis iaculis id velit in auctor. Sed vulputate feugiat justo vitae sollicitudin. Ut faucibus, libero in pretium porttitor, tortor nulla venenatis est, fringilla dictum lorem lectus at erat. Interdum et malesuada fames ac ante ipsum primis in.",
    "description_es": "Lorem ipsum dolor sit amet, consectetur adipiscing elit. Suspendisse vehicula venenatis tincidunt. Duis euismod posuere ullamcorper. Duis eget arcu vel metus vestibulum fermentum at a justo. Etiam dignissim tortor quis quam ullamcorper, nec cursus arcu ullamcorper. Integer vulputate cursus risus, a scelerisque magna imperdiet a. Vestibulum ullamcorper risus sit amet commodo tincidunt. Donec pellentesque varius pretium. Integer viverra interdum sapien ac condimentum. Vivamus nec metus non diam fermentum faucibus. Phasellus imperdiet purus eget augue lacinia tempor. Nulla at tellus ac ligula blandit maximus. Duis iaculis id velit in auctor. Sed vulputate feugiat justo vitae sollicitudin. Ut faucibus, libero in pretium porttitor, tortor nulla venenatis est, fringilla dictum lorem lectus at erat. Interdum et malesuada fames ac ante ipsum primis in.",
    "description_ca": "",
    
    "is_active": true,
    "created": "2021-05-03T20:40:07.140Z",
    "updated": "2021-08-24T18:08:52.308Z",
    "images": [
      13
    ],
    "saved_by": []
  }
},
{
  "model": "api.item",
  "pk": 14,
  "fields": {
    "name": "Socio",
    "name_es": "Socio",
    "name_ca": null,
    
    "description": "Lorem ipsum dolor sit amet, consectetur adipiscing elit. Proin luctus consectetur lorem, et cursus arcu dapibus eget. Sed viverra, ante ac interdum lobortis, velit mi tempor risus, non laoreet purus justo a sem. Ut sit amet velit a ex porttitor venenatis imperdiet nec leo. Fusce varius feugiat nibh non maximus.",
    "description_es": "Lorem ipsum dolor sit amet, consectetur adipiscing elit. Proin luctus consectetur lorem, et cursus arcu dapibus eget. Sed viverra, ante ac interdum lobortis, velit mi tempor risus, non laoreet purus justo a sem. Ut sit amet velit a ex porttitor venenatis imperdiet nec leo. Fusce varius feugiat nibh non maximus.",
    "description_ca": null,
    
    "is_active": true,
    "created": "2021-05-10T16:16:45.119Z",
    "updated": "2021-05-11T16:08:52.724Z",
    "images": [
      15
    ],
    "saved_by": []
  }
},
{
  "model": "api.item",
  "pk": 15,
  "fields": {
    "name": "Pro",
    "name_es": "Pro",
    "name_ca": null,
    
    "description": "Lorem ipsum dolor sit amet, consectetur adipiscing elit. Proin luctus consectetur lorem, et cursus arcu dapibus eget. Sed viverra, ante ac interdum lobortis, velit mi tempor risus, non laoreet purus justo a sem. Ut sit amet velit a ex porttitor venenatis imperdiet nec leo. Fusce varius feugiat nibh non maximus.",
    "description_es": "Lorem ipsum dolor sit amet, consectetur adipiscing elit. Proin luctus consectetur lorem, et cursus arcu dapibus eget. Sed viverra, ante ac interdum lobortis, velit mi tempor risus, non laoreet purus justo a sem. Ut sit amet velit a ex porttitor venenatis imperdiet nec leo. Fusce varius feugiat nibh non maximus.",
    "description_ca": null,
    
    "is_active": true,
    "created": "2021-05-10T16:17:14.522Z",
    "updated": "2021-05-11T16:08:45.742Z",
    "images": [
      14
    ],
    "saved_by": []
  }
},
{
  "model": "api.itemattributetype",
  "pk": 1,
  "fields": {
    "name": "size",
    "name_es": "size",
    "name_ca": null
  }
},
{
  "model": "api.itemattribute",
  "pk": 1,
  "fields": {
    "attribute": 1,
    "value": "s"
  }
},
{
  "model": "api.itemattribute",
  "pk": 2,
  "fields": {
    "attribute": 1,
    "value": "m"
  }
},
{
  "model": "api.itemattribute",
  "pk": 3,
  "fields": {
    "attribute": 1,
    "value": "s"
  }
},
{
  "model": "api.itemattribute",
  "pk": 4,
  "fields": {
    "attribute": 1,
    "value": "l"
  }
},
{
  "model": "api.itemattribute",
  "pk": 5,
  "fields": {
    "attribute": 1,
    "value": "unique"
  }
},
{
  "model": "api.itemvariant",
  "pk": 1,
  "fields": {
    "item": 1,
    "stock": -1,
    "price": "15.00",
    "attributes": [
      2
    ]
  }
},
{
  "model": "api.itemvariant",
  "pk": 2,
  "fields": {
    "item": 1,
    "stock": 5,
    "price": "15.00",
    "attributes": [
      3
    ]
  }
},
{
  "model": "api.itemvariant",
  "pk": 3,
  "fields": {
    "item": 1,
    "stock": 0,
    "price": "15.00",
    "attributes": [
      4
    ]
  }
},
{
  "model": "api.itemvariant",
  "pk": 4,
  "fields": {
    "item": 2,
    "stock": -1,
    "price": "15.00",
    "attributes": [
      1
    ]
  }
},
{
  "model": "api.itemvariant",
  "pk": 5,
  "fields": {
    "item": 2,
    "stock": 5,
    "price": "15.00",
    "attributes": [
      2
    ]
  }
},
{
  "model": "api.itemvariant",
  "pk": 6,
  "fields": {
    "item": 2,
    "stock": 0,
    "price": "15.00",
    "attributes": [
      4
    ]
  }
},
{
  "model": "api.itemvariant",
  "pk": 7,
  "fields": {
    "item": 3,
    "stock": -1,
    "price": "15.00",
    "attributes": [
      1
    ]
  }
},
{
  "model": "api.itemvariant",
  "pk": 8,
  "fields": {
    "item": 3,
    "stock": 5,
    "price": "15.00",
    "attributes": [
      2
    ]
  }
},
{
  "model": "api.itemvariant",
  "pk": 9,
  "fields": {
    "item": 3,
    "stock": 0,
    "price": "15.00",
    "attributes": [
      4
    ]
  }
},
{
  "model": "api.itemvariant",
  "pk": 10,
  "fields": {
    "item": 4,
    "stock": -1,
    "price": "15.00",
    "attributes": [
      1
    ]
  }
},
{
  "model": "api.itemvariant",
  "pk": 11,
  "fields": {
    "item": 4,
    "stock": 5,
    "price": "15.00",
    "attributes": [
      2
    ]
  }
},
{
  "model": "api.itemvariant",
  "pk": 12,
  "fields": {
    "item": 4,
    "stock": 0,
    "price": "15.00",
    "attributes": [
      4
    ]
  }
},
{
  "model": "api.itemvariant",
  "pk": 13,
  "fields": {
    "item": 5,
    "stock": -1,
    "price": "15.00",
    "attributes": [
      1
    ]
  }
},
{
  "model": "api.itemvariant",
  "pk": 14,
  "fields": {
    "item": 5,
    "stock": 5,
    "price": "15.00",
    "attributes": [
      2
    ]
  }
},
{
  "model": "api.itemvariant",
  "pk": 15,
  "fields": {
    "item": 5,
    "stock": 0,
    "price": "15.00",
    "attributes": [
      4
    ]
  }
},
{
  "model": "api.itemvariant",
  "pk": 19,
  "fields": {
    "item": 7,
    "stock": 5,
    "price": "10.00",
    "attributes": [
      5
    ]
  }
},
{
  "model": "api.itemvariant",
  "pk": 20,
  "fields": {
    "item": 8,
    "stock": 15,
    "price": "15.00",
    "attributes": [
      5
    ]
  }
},
{
  "model": "api.itemvariant",
  "pk": 21,
  "fields": {
    "item": 9,
    "stock": 50,
    "price": "5.00",
    "attributes": [
      5
    ]
  }
},
{
  "model": "api.itemvariant",
  "pk": 22,
  "fields": {
    "item": 10,
    "stock": -1,
    "price": "0.00",
    "attributes": [
      5
    ]
  }
},
{
  "model": "api.itemvariant",
  "pk": 23,
  "fields": {
    "item": 11,
    "stock": -1,
    "price": "0.00",
    "attributes": [
      5
    ]
  }
},
{
  "model": "api.itemvariant",
  "pk": 24,
  "fields": {
    "item": 12,
    "stock": -1,
    "price": "12.00",
    "attributes": [
      5
    ]
  }
},
{
  "model": "api.itemvariant",
  "pk": 25,
  "fields": {
    "item": 13,
    "stock": 50,
    "price": "15.00",
    "attributes": [
      5
    ]
  }
},
{
  "model": "api.itemvariant",
  "pk": 26,
  "fields": {
    "item": 14,
    "stock": -1,
    "price": "25.00",
    "attributes": [
      5
    ]
  }
},
{
  "model": "api.itemvariant",
  "pk": 27,
  "fields": {
    "item": 15,
    "stock": -1,
    "price": "35.00",
    "attributes": [
      5
    ]
  }
},
{
  "model": "api.subscription",
  "pk": 14,
  "fields": {
    "benefits": "Lorem ipsum dolor sit amet, consectetur adipiscing elit. Proin luctus consectetur lorem, et cursus arcu dapibus eget. Sed viverra, ante ac interdum lobortis, velit mi tempor risus, non laoreet purus justo a sem. Ut sit amet velit a ex porttitor venenatis imperdiet nec leo. Fusce varius feugiat nibh non maximus.",
    "benefits_es": "Lorem ipsum dolor sit amet, consectetur adipiscing elit. Proin luctus consectetur lorem, et cursus arcu dapibus eget. Sed viverra, ante ac interdum lobortis, velit mi tempor risus, non laoreet purus justo a sem. Ut sit amet velit a ex porttitor venenatis imperdiet nec leo. Fusce varius feugiat nibh non maximus.",
    "benefits_ca": "",
    
    "group": 2
  }
},
{
  "model": "api.subscription",
  "pk": 15,
  "fields": {
    "benefits": "Lorem ipsum dolor sit amet, consectetur adipiscing elit. Proin luctus consectetur lorem, et cursus arcu dapibus eget. Sed viverra, ante ac interdum lobortis, velit mi tempor risus, non laoreet purus justo a sem. Ut sit amet velit a ex porttitor venenatis imperdiet nec leo. Fusce varius feugiat nibh non maximus.",
    "benefits_es": "Lorem ipsum dolor sit amet, consectetur adipiscing elit. Proin luctus consectetur lorem, et cursus arcu dapibus eget. Sed viverra, ante ac interdum lobortis, velit mi tempor risus, non laoreet purus justo a sem. Ut sit amet velit a ex porttitor venenatis imperdiet nec leo. Fusce varius feugiat nibh non maximus.",
    "benefits_ca": "",
    
    "group": 5
  }
},
{
  "model": "api.artisttag",
  "pk": 1,
  "fields": {
    "name": "dj",
    "name_es": "dj",
    "name_ca": "dj"
  }
},
{
  "model": "api.artisttag",
  "pk": 2,
  "fields": {
    "name": "productor",
    "name_es": "productor",
    "name_ca": "productor"
  }
},
{
  "model": "api.artisttag",
  "pk": 3,
  "fields": {
    "name": "mastering",
    "name_es": "mastering",
    "name_ca": "mastering"
  }
},
{
  "model": "api.artisttag",
  "pk": 4,
  "fields": {
    "name": "label",
    "name_es": "label",
    "name_ca": "label"
  }
},
{
  "model": "api.artist",
  "pk": 1,
  "fields": {
    "name": "Dj Bruce Lee",
    "biography": "Més de vint anys com a dj, dos segells en actiu: End Of Dayz i Rhythm Control Barcelona, aquest segon homònim de la seva botiga de discos oberta l’any 2016. Dj Bruce Lee és un clàssic de l’escena de Barcelona, ha passat per gairebé totes les cabines on programen house, techno o electro. També l’hem pogut veure a festivals com el Sónar Barcelona o el nostre Parkfest l’any 2018. Els seus serveis són reclamats per dj’s internacionals que visiten la ciutat. Últimament està desenvolupant la seva faceta de productor i els seus temes són punxats per dj’s de la talla de Surgeon o Ben Sims.",
    "biography_es": "Més de vint anys com a dj, dos segells en actiu: End Of Dayz i Rhythm Control Barcelona, aquest segon homònim de la seva botiga de discos oberta l’any 2016. Dj Bruce Lee és un clàssic de l’escena de Barcelona, ha passat per gairebé totes les cabines on programen house, techno o electro. També l’hem pogut veure a festivals com el Sónar Barcelona o el nostre Parkfest l’any 2018. Els seus serveis són reclamats per dj’s internacionals que visiten la ciutat. Últimament està desenvolupant la seva faceta de productor i els seus temes són punxats per dj’s de la talla de Surgeon o Ben Sims.",
    "biography_ca": null,
    
    "images": [
      16
    ],
    "tags": []
  }
},
{
  "model": "api.artist",
  "pk": 2,
  "fields": {
    "name": "Harvey Touch",
    "biography": "Sota el nom de Harvey Touch s’amaga el projecte en solitari del productor càntabre establert a Barcelona Javi Toca. Després de diversos anys explorant diferents gèneres, en 2017 la seva carrera comença amb Opal, Changes (EELF) i Warm By Your Side (Houseum), on demostra el seu gust pels samplejos. Els dos últims temes criden l’atenció de la comunitat de Soundcloud i Youtube, la qual cosa porta a l’artista a començar amb les actuacions en directe (ARTeNOU, Razzmatazz, Garage 442) i a presentar DJ sets carregats de house percussiu i ritmes exòtics. Després d’un any de silenci, Harvey Touch arranca de nou el passat 2019 amb l’EP Astral Patterns editat dins del segell libanès Feedasoul, mostrant tres talls més contundents, amb un cert matís espiritual, i que va fer de pont amb el seu àlbum, Archipiélago, un treball més rítmic, introspectiu i oníric. Recentment ha editat en el segell valencià theBasement Discos amb Poca Broma EP, un treball que beu amor per la música dels 70 i la transforma en quatre produccions originals que desborden calidesa i elegància. Els seus coneguts edits posen també a l’artista com un digger de primer nivell, amb autèntiques delícies per a qualsevol DJ.",
    "biography_es": "Sota el nom de Harvey Touch s’amaga el projecte en solitari del productor càntabre establert a Barcelona Javi Toca. Després de diversos anys explorant diferents gèneres, en 2017 la seva carrera comença amb Opal, Changes (EELF) i Warm By Your Side (Houseum), on demostra el seu gust pels samplejos. Els dos últims temes criden l’atenció de la comunitat de Soundcloud i Youtube, la qual cosa porta a l’artista a començar amb les actuacions en directe (ARTeNOU, Razzmatazz, Garage 442) i a presentar DJ sets carregats de house percussiu i ritmes exòtics. Després d’un any de silenci, Harvey Touch arranca de nou el passat 2019 amb l’EP Astral Patterns editat dins del segell libanès Feedasoul, mostrant tres talls més contundents, amb un cert matís espiritual, i que va fer de pont amb el seu àlbum, Archipiélago, un treball més rítmic, introspectiu i oníric. Recentment ha editat en el segell valencià theBasement Discos amb Poca Broma EP, un treball que beu amor per la música dels 70 i la transforma en quatre produccions originals que desborden calidesa i elegància. Els seus coneguts edits posen també a l’artista com un digger de primer nivell, amb autèntiques delícies per a qualsevol DJ.",
    "biography_ca": null,
    
    "images": [
      17
    ],
    "tags": []
  }
},
{
  "model": "api.artist",
  "pk": 3,
  "fields": {
    "name": "Lowprofile",
    "biography": "Funcionalitat, emoció i intensitat. Aquests són els tres eixos que defineixen la visió de Lowprofile en la música. El Dj de Barcelona, i membre fundador de LowKeyMoves, és conegut per tenir una sensibilitat especial a l’hora de moure’s entre moods i gèneres. Amb una precisió i una classe poc freqüents de trobar, la seva paleta sonora va des dels ritmes més incisius de les darreres innovacions de la música de ball, fins al Hip Hop, l’R&B i més enllà. Amb les seves arrels plantades a la música electrònica britànica i nord-americana, i als sons urbans de les darreres dècades, Lowprofile també mira cap a Amèrica del Sud, Àfrica o Jamaica per a celebrar la música global amb els ulls sempre centrats en la pista de ball.",
    "biography_es": "Funcionalitat, emoció i intensitat. Aquests són els tres eixos que defineixen la visió de Lowprofile en la música. El Dj de Barcelona, i membre fundador de LowKeyMoves, és conegut per tenir una sensibilitat especial a l’hora de moure’s entre moods i gèneres. Amb una precisió i una classe poc freqüents de trobar, la seva paleta sonora va des dels ritmes més incisius de les darreres innovacions de la música de ball, fins al Hip Hop, l’R&B i més enllà. Amb les seves arrels plantades a la música electrònica britànica i nord-americana, i als sons urbans de les darreres dècades, Lowprofile també mira cap a Amèrica del Sud, Àfrica o Jamaica per a celebrar la música global amb els ulls sempre centrats en la pista de ball.",
    "biography_ca": null,
    
    "images": [
      18
    ],
    "tags": []
  }
},
{
  "model": "api.artist",
  "pk": 4,
  "fields": {
    "name": "Lucient",
    "biography": "Mario G. Quelart porta ja uns quants anys mostrant el seu talent i «savoir faire» pels principals clubs i festivals del territori nacional. Ho fa sempre amb el nom de Lucient, o gairebé sempre, ja que de vegades s’ajunta amb Albert Salines (aka Wooky) amb el duet C.E.E. Shepherds. Lucient forma part de la família del segell Lapsus i del club LAUT de Barcelona, on és resident, i on s’ha posat a prova a si mateix amb dues maratonianes sessions de 12 hores non-stop, detall que indica per si sol el seu amplíssim coneixement de la música de ball de totes les èpoques i la seguretat amb la qual exerceix el seu ofici darrere dels plats. En Mario també dirigeix i presenta el programa «Synesthésiques«, a l’emissora local Dublab.es, i recentment ha estrenat el programa «Voyager» a C/C Radio. Entre les seves producción trobem remixes per artistas com la Museless i temes propis com el que trobem al recopilatori «Barca Is Not Barcelona», editat al segell d’Olde Gods, Minor Planets. Està treballant en el seu primer EP, que es preveu per algun moment del 2021.",
    "biography_es": "Mario G. Quelart porta ja uns quants anys mostrant el seu talent i «savoir faire» pels principals clubs i festivals del territori nacional. Ho fa sempre amb el nom de Lucient, o gairebé sempre, ja que de vegades s’ajunta amb Albert Salines (aka Wooky) amb el duet C.E.E. Shepherds. Lucient forma part de la família del segell Lapsus i del club LAUT de Barcelona, on és resident, i on s’ha posat a prova a si mateix amb dues maratonianes sessions de 12 hores non-stop, detall que indica per si sol el seu amplíssim coneixement de la música de ball de totes les èpoques i la seguretat amb la qual exerceix el seu ofici darrere dels plats. En Mario també dirigeix i presenta el programa «Synesthésiques«, a l’emissora local Dublab.es, i recentment ha estrenat el programa «Voyager» a C/C Radio. Entre les seves producción trobem remixes per artistas com la Museless i temes propis com el que trobem al recopilatori «Barca Is Not Barcelona», editat al segell d’Olde Gods, Minor Planets. Està treballant en el seu primer EP, que es preveu per algun moment del 2021.",
    "biography_ca": null,
    
    "images": [
      19
    ],
    "tags": []
  }
},
{
  "model": "api.artist",
  "pk": 5,
  "fields": {
    "name": "Omega 3",
    "biography": "Omega III és un DJ i grafiter barceloní nascut i criat en Sheffield, va començar a interessar-se per la música electrònica a principis dels 90 amb l’aparició de Warp Records i el moviment Bleep, sorgit en el nord del Regne Unit. Actiu en tots els aspectes del club/graff des que es va mudar a la capital catalana a mitjans del 2000, la seva última aventura és el programa mensual Wave 131, en Dublab.es. En la universitat va començar a col·laborar amb el DJ i productor berlinès Luca Lozano i contribueix periòdicament amb mescles per als seus segells Klasse Wrecks i Grafiti Tapes, llançant les ja clàssiques «Fantasy FM: The Lost Tape», al costat de Lozano, i «Grafiti Tapes 7», al costat de Plom.",
    "biography_es": "Omega III és un DJ i grafiter barceloní nascut i criat en Sheffield, va començar a interessar-se per la música electrònica a principis dels 90 amb l’aparició de Warp Records i el moviment Bleep, sorgit en el nord del Regne Unit. Actiu en tots els aspectes del club/graff des que es va mudar a la capital catalana a mitjans del 2000, la seva última aventura és el programa mensual Wave 131, en Dublab.es. En la universitat va començar a col·laborar amb el DJ i productor berlinès Luca Lozano i contribueix periòdicament amb mescles per als seus segells Klasse Wrecks i Grafiti Tapes, llançant les ja clàssiques «Fantasy FM: The Lost Tape», al costat de Lozano, i «Grafiti Tapes 7», al costat de Plom.",
    "biography_ca": null,
    
    "images": [
      20
    ],
    "tags": []
  }
},
{
  "model": "api.artist",
  "pk": 6,
  "fields": {
    "name": "Phran",
    "biography": "Phran és un veneçolà de naixement que porta anys ja vivint i agitant l’underground barceloní amb els seus múltiples projectes. Aquests dos últims anys han estat per a ell un moment molt important, ja que s’ha embarcat en quatre aventures que, de moment, han començat amb molt bon peu: People You May Know, duo d’improvisacions, jams de house i experimentacions analògiques al costat de Ylia; Dos Ritmos, que li ha unit a Lucca Lozano amb la recerca de la perfecta simbiosi entre percussions llatines ancestrals i ritmes trencats electrònics fets per a la pista de ball; IVAN, projecte compartit al costat d’Ivy Barkakati; i Latino Body, programa de ràdio i B2B sota el seu altre àlies DJ Phidias acompanyat de Sano. Tots ells demostren de la seva gran capacitat d’associació i la permeabilitat del seu discurs. Els discos publicats amb aquests respectius projectes (“One Hand Clap”, en Hooded Records, “Antrophony”, en el segell berlinès Klasse Wrecks, i el seu autopublicat «Delicius Fantasy») són tres excel·lents releases que s’afegeixen a una discografia encara curta però suculenta i repleta d’idees, amb diversos EPs en solitari i compartits (3 EP’s a Klasse Wrecks, «Impulse», junt amb Ivy Barkakati en Rhythm Control Barcelona, i «Latent Effect», en Best Effort). Aquest últim any l’hem pogut veure a diversos festivals locals com Sónar amb el projecte Phran, MIRA amb el projecte People You May Know, Manrusonica amb el projecte IVAN o Parkfest amb el projecte Latino Body i Phran.",
    "biography_es": "Phran és un veneçolà de naixement que porta anys ja vivint i agitant l’underground barceloní amb els seus múltiples projectes. Aquests dos últims anys han estat per a ell un moment molt important, ja que s’ha embarcat en quatre aventures que, de moment, han començat amb molt bon peu: People You May Know, duo d’improvisacions, jams de house i experimentacions analògiques al costat de Ylia; Dos Ritmos, que li ha unit a Lucca Lozano amb la recerca de la perfecta simbiosi entre percussions llatines ancestrals i ritmes trencats electrònics fets per a la pista de ball; IVAN, projecte compartit al costat d’Ivy Barkakati; i Latino Body, programa de ràdio i B2B sota el seu altre àlies DJ Phidias acompanyat de Sano. Tots ells demostren de la seva gran capacitat d’associació i la permeabilitat del seu discurs. Els discos publicats amb aquests respectius projectes (“One Hand Clap”, en Hooded Records, “Antrophony”, en el segell berlinès Klasse Wrecks, i el seu autopublicat «Delicius Fantasy») són tres excel·lents releases que s’afegeixen a una discografia encara curta però suculenta i repleta d’idees, amb diversos EPs en solitari i compartits (3 EP’s a Klasse Wrecks, «Impulse», junt amb Ivy Barkakati en Rhythm Control Barcelona, i «Latent Effect», en Best Effort). Aquest últim any l’hem pogut veure a diversos festivals locals com Sónar amb el projecte Phran, MIRA amb el projecte People You May Know, Manrusonica amb el projecte IVAN o Parkfest amb el projecte Latino Body i Phran.",
    "biography_ca": null,
    
    "images": [
      21
    ],
    "tags": []
  }
},
{
  "model": "api.artist",
  "pk": 7,
  "fields": {
    "name": "Telexketch",
    "biography": "Telexketch és un dels djs de Barcelona amb major recorregut i reconeixement de tota l’escena. Adicte als clubs de ball des de principis dels 90, decideix fer el salt a les cabines ja que com clubber s’avorreix en les pistes de ball recarregades de mínimal insubstancial. Eclecticisme a l’hora de mesclar, la seva atenció i facilitat per a llegir la pista li permet canviar d’una dècada a una altra mantenint el feeling i emoció en els seus sets. La seva maleta té cabuda per al millor so disco dels anys 70, italodisco, spacedisco, hi-nrg, nudisco, chicago, deep, discohouse, italohouse, hiphouse, pianohouse, breaks, 90’s, electro, detroit, french touch i el que s’intervingui … Des dels anys 70 fins a l’actualitat… A més de reconèixer-se un col·leccionista empedreït de discos de vinil i realitzar dj sets assíduament, Telexketch porta un temps treballant en edits de temes oblidats dins dels gèneres disc, italo i house. Telexketch ha actuat en multitud de sales de la seva ciutat a més de diversos clubs de la península.",
    "biography_es": "Telexketch és un dels djs de Barcelona amb major recorregut i reconeixement de tota l’escena. Adicte als clubs de ball des de principis dels 90, decideix fer el salt a les cabines ja que com clubber s’avorreix en les pistes de ball recarregades de mínimal insubstancial. Eclecticisme a l’hora de mesclar, la seva atenció i facilitat per a llegir la pista li permet canviar d’una dècada a una altra mantenint el feeling i emoció en els seus sets. La seva maleta té cabuda per al millor so disco dels anys 70, italodisco, spacedisco, hi-nrg, nudisco, chicago, deep, discohouse, italohouse, hiphouse, pianohouse, breaks, 90’s, electro, detroit, french touch i el que s’intervingui … Des dels anys 70 fins a l’actualitat… A més de reconèixer-se un col·leccionista empedreït de discos de vinil i realitzar dj sets assíduament, Telexketch porta un temps treballant en edits de temes oblidats dins dels gèneres disc, italo i house. Telexketch ha actuat en multitud de sales de la seva ciutat a més de diversos clubs de la península.",
    "biography_ca": null,
    
    "images": [
      22
    ],
    "tags": []
  }
},
{
  "model": "api.artist",
  "pk": 8,
  "fields": {
    "name": "Virginie",
    "biography": "Col·leccionista de vinils des de petitona, Virginie va començar la seva feina com a discjòquei professional en 1999. Eclèctica per naturalesa, és coneguda per combinar música negra amb electrònica i hip-hop. Virginie ha visitat diferents ciutats arreu del món, des de Veneçuela a Finlàndia, passant per Nova York, França, Madrid, Bilbao, Itàlia o Barcelona. Darrere dels plats, la seva selecció musical captiva el públic allà on va, aquí a Barcelona ho hem pogut comprovar en el Cruïlla Fest, SoundEat!, Brunch in the City, Brunch Electronik, DGTL Barcelona o Primavera Sound on VIR (el seu altre aka) va presentar el seu nou projecte Shakti Aliance, juntament amb Troya Modet.Actualment té diversos projectes en mà, com ser Booker de la C/C Ràdio, dedicada a discjòqueis i productors. Hem aprofitat aquests dies d’aturada per fer cinc cèntims amb ella i que ens parli una mica de les seves influències.",
    "biography_es": "Col·leccionista de vinils des de petitona, Virginie va començar la seva feina com a discjòquei professional en 1999. Eclèctica per naturalesa, és coneguda per combinar música negra amb electrònica i hip-hop. Virginie ha visitat diferents ciutats arreu del món, des de Veneçuela a Finlàndia, passant per Nova York, França, Madrid, Bilbao, Itàlia o Barcelona. Darrere dels plats, la seva selecció musical captiva el públic allà on va, aquí a Barcelona ho hem pogut comprovar en el Cruïlla Fest, SoundEat!, Brunch in the City, Brunch Electronik, DGTL Barcelona o Primavera Sound on VIR (el seu altre aka) va presentar el seu nou projecte Shakti Aliance, juntament amb Troya Modet.Actualment té diversos projectes en mà, com ser Booker de la C/C Ràdio, dedicada a discjòqueis i productors. Hem aprofitat aquests dies d’aturada per fer cinc cèntims amb ella i que ens parli una mica de les seves influències.",
    "biography_ca": null,
    
    "images": [
      23
    ],
    "tags": [
      1,
      3
    ]
  }
},
{
  "model": "api.interview",
  "pk": 1,
  "fields": {
    "artist": 4,
    "title": "Lucient",
    "title_es": "Lucient",
    "title_ca": null,
    
    "introduction": "",
    "introduction_es": "",
    "introduction_ca": null,
    
    "updated": "2021-05-03T20:48:42.671Z",
    "created": "2021-05-03T20:48:42.672Z",
    "image": ""
  }
},
{
  "model": "api.interview",
  "pk": 2,
  "fields": {
    "artist": 1,
    "title": "Dj Bruce Lee",
    "title_es": "Dj Bruce Lee",
    "title_ca": null,
    
    "introduction": "",
    "introduction_es": "",
    "introduction_ca": null,
    
    "updated": "2021-05-03T20:55:09.888Z",
    "created": "2021-05-03T20:49:29.462Z",
    "image": ""
  }
},
{
  "model": "api.interview",
  "pk": 3,
  "fields": {
    "artist": 2,
    "title": "Harvey Touch",
    "title_es": "Harvey Touch",
    "title_ca": null,
    
    "introduction": "",
    "introduction_es": "",
    "introduction_ca": null,
    
    "updated": "2021-05-03T20:56:11.686Z",
    "created": "2021-05-03T20:56:11.686Z",
    "image": ""
  }
},
{
  "model": "api.interview",
  "pk": 4,
  "fields": {
    "artist": 3,
    "title": "Lowprofile",
    "title_es": "Lowprofile",
    "title_ca": null,
    
    "introduction": "",
    "introduction_es": "",
    "introduction_ca": null,
    
    "updated": "2021-05-03T20:57:13.917Z",
    "created": "2021-05-03T20:57:13.917Z",
    "image": ""
  }
},
{
  "model": "api.interview",
  "pk": 5,
  "fields": {
    "artist": 5,
    "title": "Omega 3",
    "title_es": "Omega 3",
    "title_ca": null,
    
    "introduction": "",
    "introduction_es": "",
    "introduction_ca": null,
    
    "updated": "2021-05-03T20:58:34.621Z",
    "created": "2021-05-03T20:58:34.621Z",
    "image": ""
  }
},
{
  "model": "api.interview",
  "pk": 6,
  "fields": {
    "artist": 6,
    "title": "Phran",
    "title_es": "Phran",
    "title_ca": null,
    
    "introduction": "",
    "introduction_es": "",
    "introduction_ca": null,
    
    "updated": "2021-05-03T21:00:22.160Z",
    "created": "2021-05-03T21:00:22.160Z",
    "image": ""
  }
},
{
  "model": "api.interview",
  "pk": 7,
  "fields": {
    "artist": 7,
    "title": "Telexketch",
    "title_es": "Telexketch",
    "title_ca": null,
    
    "introduction": "",
    "introduction_es": "",
    "introduction_ca": null,
    
    "updated": "2021-05-03T21:01:16.457Z",
    "created": "2021-05-03T21:01:16.457Z",
    "image": ""
  }
},
{
  "model": "api.interview",
  "pk": 8,
  "fields": {
    "artist": 8,
    "title": "Virginie",
    "title_es": "Virginie",
    "title_ca": null,
    
    "introduction": "",
    "introduction_es": "",
    "introduction_ca": null,
    
    "updated": "2021-05-03T21:02:15.144Z",
    "created": "2021-05-03T21:02:15.144Z",
    "image": ""
  }
},
{
  "model": "api.question",
  "pk": 1,
  "fields": {
    "question": "Quines són les teves influències?",
    "is_default": true
  }
},
{
  "model": "api.question",
  "pk": 2,
  "fields": {
    "question": "Com veus l’escena electrònica a Barcelona?",
    "is_default": true
  }
},
{
  "model": "api.question",
  "pk": 3,
  "fields": {
    "question": "Quins elements són indispensables en la teva música?",
    "is_default": true
  }
},
{
  "model": "api.question",
  "pk": 4,
  "fields": {
    "question": "Un disc que sempre portes en la teva maleta?",
    "is_default": true
  }
},
{
  "model": "api.question",
  "pk": 5,
  "fields": {
    "question": "Quins són els teus segells de referència?",
    "is_default": true
  }
},
{
  "model": "api.answer",
  "pk": 1,
  "fields": {
    "interview": 1,
    "answer": "Les meves influències són moltes i molt variades. Vinc del rock i el Pop, abans de punxar electrònica vaig estar molts anys punxant «indie» i fins i tot vaig tocar en alguna banda, però també m’encanta la música negra, soul, funk, disco, afrobeat… També sóc un gran amant de la IDM i l’electrònica més experimental i quan no estic enfocat a una pista de ball els sons més balearics o fins i tot l’ambient o el jazz són dels discos que més escolto.",
    "question": 1,
    "is_active": true
  }
},
{
  "model": "api.answer",
  "pk": 2,
  "fields": {
    "interview": 1,
    "answer": "Crec que l’escena electrònica de Barcelona viu un dels seus millors moments, bons artistes, varietat d’estils, un fotimer de botigues de discos especialitzades, clubs i festivals molt interessants (fora dels grans i habituals monstres de sempre, que també són importants). Fins i tot, crec que hi ha més col·laboracionisme que mai. El temps dirà i la perspectiva em donarà o no la raó, però si sabem treure suc de la situació de l’escena actual, en uns anys podem ser un referent més important dintre de l’escena electrònica global.",
    "question": 2,
    "is_active": true
  }
},
{
  "model": "api.answer",
  "pk": 3,
  "fields": {
    "interview": 1,
    "answer": "Em costa molt posar-li nom, ja que moltes vegades trio música que aparentment no té res a veure entre si, però que tenen aquell nosequè que em fa encendre una alarma dins el meu cap i em fa posar aquell disc a la maleta. Crec que un element bastant habitual en la música que punxo és que ajuden al viatge, ja sigui mental o físic.",
    "question": 3,
    "is_active": true
  }
},
{
  "model": "api.answer",
  "pk": 4,
  "fields": {
    "interview": 1,
    "answer": "Crec que un dels discs que més he punxat al llarg de la meva carrera és el Ne Noya (Daphni Mix) – Cos Ber Zam, que va publicar el mateix Daphni al seu segell, Jiaolong ara farà uns 10 anys.",
    "question": 4,
    "is_active": true
  }
},
{
  "model": "api.answer",
  "pk": 5,
  "fields": {
    "interview": 1,
    "answer": "Segur que me’n deixo alguns, però sens dubte hi ha de ser Music From Memory, Whities (Que ara ha canviat el nom pel de AD 93), Antinote, Dark Entries, Early Sounds Recordings, Hivern, L.I.E.S., Livity Sound, Lobster Theremin o Craigie Knowes.",
    "question": 5,
    "is_active": true
  }
},
{
  "model": "api.answer",
  "pk": 6,
  "fields": {
    "interview": 2,
    "answer": "Les meves influències són moltes i molt variades. Vinc del rock i el Pop, abans de punxar electrònica vaig estar molts anys punxant «indie» i fins i tot vaig tocar en alguna banda, però també m’encanta la música negra, soul, funk, disco, afrobeat… També sóc un gran amant de la IDM i l’electrònica més experimental i quan no estic enfocat a una pista de ball els sons més balearics o fins i tot l’ambient o el jazz són dels discos que més escolto.",
    "question": 1,
    "is_active": true
  }
},
{
  "model": "api.answer",
  "pk": 7,
  "fields": {
    "interview": 2,
    "answer": "Crec que l’escena electrònica de Barcelona viu un dels seus millors moments, bons artistes, varietat d’estils, un fotimer de botigues de discos especialitzades, clubs i festivals molt interessants (fora dels grans i habituals monstres de sempre, que també són importants). Fins i tot, crec que hi ha més col·laboracionisme que mai. El temps dirà i la perspectiva em donarà o no la raó, però si sabem treure suc de la situació de l’escena actual, en uns anys podem ser un referent més important dintre de l’escena electrònica global.",
    "question": 2,
    "is_active": true
  }
},
{
  "model": "api.answer",
  "pk": 8,
  "fields": {
    "interview": 2,
    "answer": "Em costa molt posar-li nom, ja que moltes vegades trio música que aparentment no té res a veure entre si, però que tenen aquell nosequè que em fa encendre una alarma dins el meu cap i em fa posar aquell disc a la maleta. Crec que un element bastant habitual en la música que punxo és que ajuden al viatge, ja sigui mental o físic.",
    "question": 3,
    "is_active": true
  }
},
{
  "model": "api.answer",
  "pk": 9,
  "fields": {
    "interview": 2,
    "answer": "Crec que un dels discs que més he punxat al llarg de la meva carrera és el Ne Noya (Daphni Mix) – Cos Ber Zam, que va publicar el mateix Daphni al seu segell, Jiaolong ara farà uns 10 anys.",
    "question": 4,
    "is_active": true
  }
},
{
  "model": "api.answer",
  "pk": 10,
  "fields": {
    "interview": 2,
    "answer": "Segur que me’n deixo alguns, però sens dubte hi ha de ser Music From Memory, Whities (Que ara ha canviat el nom pel de AD 93), Antinote, Dark Entries, Early Sounds Recordings, Hivern, L.I.E.S., Livity Sound, Lobster Theremin o Craigie Knowes.",
    "question": 5,
    "is_active": true
  }
},
{
  "model": "api.answer",
  "pk": 11,
  "fields": {
    "interview": 3,
    "answer": "Ableton. Alguna planta i una il·luminació adequada.",
    "question": 1,
    "is_active": true
  }
},
{
  "model": "api.answer",
  "pk": 12,
  "fields": {
    "interview": 3,
    "answer": "Moltes i molt variades: jazz, house, techno, hip hop, disc, ambient, new age, balearic…",
    "question": 2,
    "is_active": true
  }
},
{
  "model": "api.answer",
  "pk": 13,
  "fields": {
    "interview": 3,
    "answer": "No crec que existeixi ja una escena com a tal. Dins de la ciutat ara s’emporta l’individualisme, o com a molt petits col·lectius que funcionen i es mouen bé en el seu entorn (p. ej Mainline).El costat bo és que ara mateix l’escena es considera a nivell global. Jo demà puc parlar amb un promotor o un productor o un DJ de Dublín, Berlín o Líban, i crear una xarxa molt més extensa del que haguéssim imaginat fa 10 anys.",
    "question": 3,
    "is_active": true
  }
},
{
  "model": "api.answer",
  "pk": 14,
  "fields": {
    "interview": 3,
    "answer": "Oyabun de Folamour, o alguna cosa de Four Tet.",
    "question": 4,
    "is_active": true
  }
},
{
  "model": "api.answer",
  "pk": 15,
  "fields": {
    "interview": 3,
    "answer": "Coastal Haze, TheBasement Discos, Blaq Numbers, Get Together, Shall Not Fade i Periodica Rècords.",
    "question": 5,
    "is_active": true
  }
},
{
  "model": "api.answer",
  "pk": 16,
  "fields": {
    "interview": 4,
    "answer": "El UK Funky de principis finals del 00’s-principis dels 10’s, el dancehall dels 00’s, la nova música de club que està sorgint a NY i voltants, el Grime, el Bmore, l’R&B, el Rap de la Bay Area, i en general qualsevol gènere musical concebit amb el club a la ment.",
    "question": 1,
    "is_active": true
  }
},
{
  "model": "api.answer",
  "pk": 17,
  "fields": {
    "interview": 4,
    "answer": "Els que més impacte han tingut sobre mi, sense cap dubte són Night Slugs i Sound Pellegrino.",
    "question": 2,
    "is_active": true
  }
},
{
  "model": "api.answer",
  "pk": 18,
  "fields": {
    "interview": 4,
    "answer": "Com a Dj, busco música fixant-me sempre en l’impacte que pot tenir en el soundsystem d’un club. Per a mi, això vol dir tracks amb estructures funcionals i directes, dosis d’emoció ben mesurades i, sobre tot, intensitat.",
    "question": 3,
    "is_active": true
  }
},
{
  "model": "api.answer",
  "pk": 19,
  "fields": {
    "interview": 4,
    "answer": "Més variada i inclusiva que mai. No hagués cregut fa 10 anys que podríem arribar fins a aquest punt. Esperem que una vegada passi tot això segueixi progressant com ho estava fent <3 Encara no has escoltat a Lowprofile? Aquí et deixem amb el seu podcast per Central Magazine, un viatge a través de gran part del seu rang musical quan es tracta de Djing!",
    "question": 4,
    "is_active": true
  }
},
{
  "model": "api.answer",
  "pk": 20,
  "fields": {
    "interview": 4,
    "answer": "Aquest no n’ha sortit mai",
    "question": 5,
    "is_active": true
  }
},
{
  "model": "api.answer",
  "pk": 21,
  "fields": {
    "interview": 5,
    "answer": "La cultura de rave dels inicis dels 90, sobretot en el nord d’Anglaterra. Els estils que van sonar aleshores: de Britcore a bleep, breakbeat i jungle, IDM i techno. Ens agrada l’estètica DIY al nivell visual, ambient de festa informal i lliure, una producció que valora molt els greus i tota la cultura de soundsystems que ve de Jamaica en els seus inicis. No pensem que la cultura i els valors d’aquesta època estan morts, encara es pot apreciar el moviment en altres formes avui en dia.",
    "question": 1,
    "is_active": true
  }
},
{
  "model": "api.answer",
  "pk": 22,
  "fields": {
    "interview": 5,
    "answer": "Avui en dia hi ha massa segells de qualitat per nomenar aquí, però quan anem de compres, sempre estem buscant coses velles de Warp, Network, 10, Production House, XL, Suburban Base, Movin‘ Shadow, Chill, MoWax i Chill. Al nivell regional, Hivern i Lapsus són dos segells que mereixen tot el reconeixement que han rebut. Representen molt bé el producte nacional.",
    "question": 2,
    "is_active": true
  }
},
{
  "model": "api.answer",
  "pk": 23,
  "fields": {
    "interview": 5,
    "answer": "La majoria de la nostra música està en vinils, però cada cop més la combinem amb nova música que arriba d’amics com a promo. Ens agrada punxar a velocitats ràpides i amb confiança quan punxem en directe, aleshores els temes que seleccionem són prou simples i expressius. Ens agrada pensar que cada sessió és una banda sonora d’una pel·lícula, una instal·lació, un viatge, aleshores és sempre diferent.",
    "question": 3,
    "is_active": true
  }
},
{
  "model": "api.answer",
  "pk": 24,
  "fields": {
    "interview": 5,
    "answer": "Pots trobar des de macro-esdeveniments amb música molt bona a propostes petites i innovadores, festivals d’altíssim nivell i ràdios amb molt bona programació cada dia. Realment ens falta temps per anar a tot el que ens interessa veure. Que falta? – Més espais informals i permissius, on apreciar la música a l’aire lliure. – Bars on es pugui punxar. – Ganes del públic per sortir del circuit habitual.",
    "question": 4,
    "is_active": true
  }
},
{
  "model": "api.answer",
  "pk": 25,
  "fields": {
    "interview": 5,
    "answer": "Unique 3 – The Theme. Com explica el Matt Anniss en el seu llibre Join The Future, és possiblement el primer tema de bleep & bass que va editar, una combinació de subgreus del mític Rob Gordon (co-fundador de Warp) amb l’estètica del grup de breakdance, Unique 3. Quan va sortir, diuen que Virgin Records, que va editar el disc, va rebre unes quantes cartes de discoteques perquè el tema va rebentar els altaveus.",
    "question": 5,
    "is_active": true
  }
},
{
  "model": "api.answer",
  "pk": 26,
  "fields": {
    "interview": 6,
    "answer": "En aquest moment: Els albiraments d’Ovnis en el barri del Poble Nou, Lost Tracks, Zauberstab Zine, Vico C, Lisa M i Omar S.",
    "question": 1,
    "is_active": true
  }
},
{
  "model": "api.answer",
  "pk": 27,
  "fields": {
    "interview": 6,
    "answer": "La internet, una Drum Machine i un Delay.",
    "question": 2,
    "is_active": true
  }
},
{
  "model": "api.answer",
  "pk": 28,
  "fields": {
    "interview": 6,
    "answer": "Algun de Rhythm & Sound",
    "question": 3,
    "is_active": true
  }
},
{
  "model": "api.answer",
  "pk": 29,
  "fields": {
    "interview": 6,
    "answer": "Com a migrant veneçolà assentat en Barna des de 2011, veig amb admiració la quantitat de bons artistes, productors i DJs que hi ha a la ciutat, també amb connexions per tota la península. Sempre hi ha algun altre DJ, artista o segell que un no tenia en el radar i resulta ser boníssim. La meva manera d’entendre l’art i el meu treball ha canviat aprenent de tanta gent fent coses interessants en l’escena local. Potser l’escena ha depès molt del turisme i aquesta sigui una oportunitat per a fer les coses d’una altra manera.",
    "question": 4,
    "is_active": true
  }
},
{
  "model": "api.answer",
  "pk": 30,
  "fields": {
    "interview": 6,
    "answer": "Com a migrant veneçolà assentat en Barna des de 2011, veig amb admiració la quantitat de bons artistes, productors i DJs que hi ha a la ciutat, també amb connexions per tota la península. Sempre hi ha algun altre DJ, artista o segell que un no tenia en el radar i resulta ser boníssim. La meva manera d’entendre l’art i el meu treball ha canviat aprenent de tanta gent fent coses interessants en l’escena local. Potser l’escena ha depès molt del turisme i aquesta sigui una oportunitat per a fer les coses d’una altra manera.",
    "question": 5,
    "is_active": true
  }
},
{
  "model": "api.answer",
  "pk": 31,
  "fields": {
    "interview": 7,
    "answer": "Les meves influències són vàries:-Als anys 80 quan era petit era impossible escapar del ItaloDisco mes cheesy, sonava a qualsevol radiofórmula, recordo escoltar Miko Misison, Savage, Ken Lazlo, els Max Mix, de fet el Max Mix 4 va ser el primer cassette que vaig comprar amb 11 anys a l’any ’86. És normal tenint en compte que a Barcelona, Sabadell… Van néixer productors inclús un corrent dins l’italo catalogada com a Sabadell Sound o Paella Disco. A finals del 80’s vaig descobrir l’Acid House,l’UK House i les caixes de ritmes, quasi de primera mà. Eren una colla de skaters, de la primera onada de skaters a la ciutat comtal, molt jovenets no passaven dels 13 i 14 anys, però tenien uns col·legues d’un barri proper que ja havien acabat la mili i tal… Baixaven al nostre barri a patinar, ens ensenyaven alguns trucs d’skate, ells estaven molt al corrent de què passava a Europa en termes musicals, a vegades portaven caixes de ritmes, ens gravàvem VHS de l’MTV Anglesa que els enviaven algun col·",
    "question": 1,
    "is_active": true
  }
},
{
  "model": "api.answer",
  "pk": 32,
  "fields": {
    "interview": 7,
    "answer": "Això va per èpoques i no té fi, no obstant faré una petita llista. Un d’ells seria sense dubte Megatone Records de Patrick Cowley, tinc una pila d’aquest Hi-Nrg. Altres de l’època Disco serien Malligator del Cerrone, Coast to Coast, Fantasy, Importe/12, Unidisc, Matra, West End, Prelude, Goody Music….Dins de l’Italodisco, per exemple: Best Records, Baby Records, Il Discotto, DiscoMagic, Memory Records, Sensation Records, House of Music, ZYX. Bonzai Records, no tinc massa però reconec que hi ha temazos de trance molt rescatables avui en dia. Que seria de nosaltres sense els segells de referència dins del House com FFRR, Dancemania, Jack Trax, Dj International Records, Hot Mix… Roule i Crydamoure dels Daft Punk, PWL, Junior Boys Own, Wall of Sound, R&S, Ninja Tune, Minifunk, Yellow Productions, Rephlex, Warp… Dels més actuals m’agraden molt Bordello A Parigi, Rush Hours, Running Back, Skylax, Clone, Moustache Records, Viewlexx, Red Laser Records, Dark Entries, Permanet Vacation, Disco Se",
    "question": 2,
    "is_active": true
  }
},
{
  "model": "api.answer",
  "pk": 33,
  "fields": {
    "interview": 7,
    "answer": "Doncs no sabria dir, un bon sinte, un ritme amb groovy, una bona caixa… Però per ser sincer crec que el dia d’avui no trobo res indispensable, hi ha coses Lo-Fi que m’agraden, hi ha música electrònica feta totalment amb instruments orgànics, a la fi, si sona bé i em transmet quelcom doncs ja m’agrada ;)",
    "question": 3,
    "is_active": true
  }
},
{
  "model": "api.answer",
  "pk": 34,
  "fields": {
    "interview": 7,
    "answer": "Hi ha escena, i tant, cada cop creix més, però passa alguna cosa que no sé que és. M’agradaria dir que trobo una escena meravellosa amb el fotimer d’artistes bons que tenim, les condicions de la ciutat (temps, garitos i botigues de discos per metre quadrat, etc…) les associacions com la vostra, i sobretot el públic. Als clubs cada vegada programen més locals, no només per obrir la nit, sinó per tancar i per oferir el seu projecte durant tota la nit, això és un indicatiu de què hi ha escena a més a més de ser una de les coses més importants en la creació d’una escena local. Han nascut noves botigues de discos que crec que és una altra cosa bàsica, llocs de dia on la gent es pugui barrejar, relacionar-se amb altres artistes, chequejar, compartir i comprar música. El cas és que no trobo una internacionalització de l’escena Barcelonina com si passa a Amsterdam per exemple. És veritat que ha crescut i tenim artistes que fan tours per tot arreu però encara és un % molt minúscul comparat amb",
    "question": 4,
    "is_active": true
  }
},
{
  "model": "api.answer",
  "pk": 35,
  "fields": {
    "interview": 7,
    "answer": "Abans portava sempre el Phyllis Nelson – I Like You (extended version) de l’any ‘85, una barreja de Hi–nrg, Disco que jo catalogaria dins del Protohouse. De fet el vaig descobrir a principis dels 2000’s per tres bandes, mitjançant el meu amic Felix, per mediació d’en D.A.R.Y.L (el primer nick name de Dj de John Talabot) que es va jartar de punxar-lo a la sala Neon del Nitsa, i juraria que a un dels sets de l’I-F a l’Intergalactic FM. Al cap de poc temps ja el vaig trobar, i dir que el tinc desgastat de treure-li suc. No obstant això, actualment no tinc un disc enclaustrat a la maleta ;)",
    "question": 5,
    "is_active": true
  }
},
{
  "model": "api.answer",
  "pk": 36,
  "fields": {
    "interview": 8,
    "answer": "Ciutats com New York, Chicago, Detroit, California… Artistes com Kenny Dope, Ron Trent, Spinna, Andrés, Omar S, Kerry Chandler, Theo Parrish, Dam-Funk, Moodymann, Kai Alce, Madlib, J Dilla, Sade ,Erykah Badu, Amp Fiddler, Jill Scott, Marvin Gaye, Gil Scott Heron, Minnie Riperton… Uff i molts més!!!",
    "question": 1,
    "is_active": true
  }
},
{
  "model": "api.answer",
  "pk": 37,
  "fields": {
    "interview": 8,
    "answer": "Nervous Records, Strictly Rhythm, King Groove, BBE, Stones Throw, P.P.U, Motown, Underground Resistance, Ibadan, Dance Mania…",
    "question": 2,
    "is_active": true
  }
},
{
  "model": "api.answer",
  "pk": 38,
  "fields": {
    "interview": 8,
    "answer": "Veu, groove, bass lines, keyboards i synth sounds.",
    "question": 3,
    "is_active": true
  }
},
{
  "model": "api.answer",
  "pk": 39,
  "fields": {
    "interview": 8,
    "answer": "Ara de moment s’ha acabat! Quan torni serà totalment diferent… I esperem que vagi a millor!",
    "question": 4,
    "is_active": true
  }
},
{
  "model": "api.answer",
  "pk": 40,
  "fields": {
    "interview": 8,
    "answer": "Shahara-Ja – I’m an Arabian Knight (Egyptian Lover mix)",
    "question": 5,
    "is_active": true
  }
},
{
  "model": "api.article",
  "pk": 1,
  "fields": {}
},
{
  "model": "api.article",
  "pk": 2,
  "fields": {}
},
{
  "model": "api.article",
  "pk": 3,
  "fields": {}
},
{
  "model": "api.article",
  "pk": 4,
  "fields": {}
},
{
  "model": "api.article",
  "pk": 5,
  "fields": {}
},
{
  "model": "api.article",
  "pk": 7,
  "fields": {}
},
{
  "model": "api.article",
  "pk": 8,
  "fields": {}
},
{
  "model": "api.discount",
  "pk": 1,
  "fields": {
    "name": "Descuento socios",
    "value": 5,
    "need_code": false,
    "is_single_use": false,
    "items": [
      1
    ],
    "groups": [
      2
    ]
  }
},
{
  "model": "api.eventtype",
  "pk": 1,
  "fields": {
    "name": "taller",
    "name_es": "taller",
    "name_ca": "taller"
  }
},
{
  "model": "api.eventtype",
  "pk": 2,
  "fields": {
    "name": "concierto",
    "name_es": "concierto",
    "name_ca": "concert"
  }
},
{
  "model": "api.eventtype",
  "pk": 3,
  "fields": {
    "name": "mercado",
    "name_es": "mercado",
    "name_ca": "mercat"
  }
},
{
  "model": "api.eventtype",
  "pk": 4,
  "fields": {
    "name": "charla",
    "name_es": "charla",
    "name_ca": "xerrada"
  }
},
{
  "model": "api.eventtype",
  "pk": 5,
  "fields": {
    "name": "concurso",
    "name_es": "concurso",
    "name_ca": "concurs"
  }
},
{
  "model": "api.eventtype",
  "pk": 6,
  "fields": {
    "name": "festival",
    "name_es": "festival",
    "name_ca": "festival"
  }
},
{
  "model": "api.event",
  "pk": 9,
  "fields": {
    "datetime": "2019-07-11T20:00:00Z",
    "address": "El Rouge, Carrer del Poeta Cabanyes, 21, 08004 Barcelona",
    "type": 2,
    "artists": []
  }
},
{
  "model": "api.event",
  "pk": 10,
  "fields": {
    "datetime": "2019-07-13T18:00:00Z",
    "address": "CCCB, Plaça Joan Coromines, Barcelona",
    "type": 6,
    "artists": []
  }
},
{
  "model": "api.event",
  "pk": 11,
  "fields": {
    "datetime": "2019-06-29T13:00:00Z",
    "address": "Parc de l'Espanya Industrial, Barcelona",
    "type": 6,
    "artists": []
  }
},
{
  "model": "api.event",
  "pk": 12,
  "fields": {
    "datetime": "2019-08-10T01:00:00Z",
    "address": "RAZZMATAZZ, Carrer dels Almogàvers, 122, 08018 Barcelona",
    "type": 2,
    "artists": []
  }
},
{
  "model": "api.event",
  "pk": 13,
  "fields": {
    "datetime": "2019-10-25T18:30:00Z",
    "address": "Centre Cultural Albareda - C/ Albareda 22",
    "type": 1,
    "artists": []
  }
},
{
  "model": "api.subscriber",
  "pk": 1,
  "fields": {
    "email": "jonrivala@gmail.com",
    "created": "2021-05-03T19:05:57.424Z",
    "mailing_lists": [
      1
    ]
  }
},
{
  "model": "api.subscriber",
  "pk": 2,
  "fields": {
    "email": "web_user@ameba.cat",
    "created": "2021-05-03T21:03:16.456Z",
    "mailing_lists": [
      1
    ]
  }
},
{
  "model": "api.subscriber",
  "pk": 3,
  "fields": {
    "email": "ameba_member@ameba.cat",
    "created": "2021-05-03T21:03:58.140Z",
    "mailing_lists": [
      1
    ]
  }
},
{
  "model": "api.subscriber",
  "pk": 4,
  "fields": {
    "email": "hector.pascual.diaz@gmail.com",
    "created": "2021-05-03T21:04:39.708Z",
    "mailing_lists": [
      1
    ]
  }
},
{
  "model": "api.subscriber",
  "pk": 5,
  "fields": {
    "email": "jonrivala2@gmail.com",
    "created": "2021-05-09T09:57:43.421Z",
    "mailing_lists": [
      1
    ]
  }
}
]
